,test loss,test accuracy
resnet18,9.527204325287117,0.9872
resnet26,22.856993160856437,0.9774
resnet34,8.850906893448332,0.9884
resnet50,15.278670421877322,0.982
mobilenetv3_small_050,52.87365454148056,0.962
mobilenetv3_small_075,56.05449565747357,0.9672
mobilenetv3_small_100,70.94311267380584,0.9584
convmixer_768_32,30.826422078998288,0.9762
