,test loss,test accuracy
resnet18,97.74630802807224,0.905
resnet26,114.27405717076181,0.8994
resnet34,98.99139323737472,0.9054
resnet50,105.16226816580456,0.8976
mobilenetv3_small_050,,0.1
mobilenetv3_small_075,143.1940528638661,0.8556
mobilenetv3_small_100,,0.1
convmixer_768_32,,0.1
