,test loss,test accuracy
resnet18,159.35846568644047,0.713
resnet26,141.44978946447372,0.7208
resnet34,153.31678653042763,0.7242
resnet50,145.2547499537468,0.7096
mobilenetv3_small_050,208.41904020309448,0.5326
mobilenetv3_small_075,207.86661517620087,0.5706
mobilenetv3_small_100,230.9122757911682,0.5482
convmixer_768_32,181.9740982055664,0.0962
